{"cameraMode":{"drawMode":0,"name":"Shaded","section":"Shading Mode"},"sceneLighting":true,"audioPlay":false,"sceneViewState":{"showFog":true,"showMaterialUpdate":false,"showSkybox":true,"showFlares":true,"showImageEffects":true,"showParticleSystems":true},"in2DMode":false,"pivot":{"x":-0.5536317229270935,"y":0.0,"z":0.5536318421363831},"rotation":{"x":-0.003564840415492654,"y":0.9793517589569092,"z":-0.20139063894748689,"w":-0.01733526960015297},"size":27.565967559814454,"orthographic":false}